SSIP,SDFP,SDFB,SFE,RFIP,CPU,APS,ABPS,SUBARP,MISS_MAC,DDOS,SLOW-RATE,MITM,TAGS
26,0.09284415871331572,4.270831300812523,26,2.076923076923077,10.3,1.9042291563127598,32.0,26.0,0,0,0,0,0,Normal
