SSIP,SDFP,SDFB,SFE,RFIP,CPU,APS,ABPS,SUBARP,MISS_MAC
10413,0.0,0.2350907519446845,10413,9.603380389897244e-05,100.0,9.0,17.0,-9,0
