SSIP,SDFP,SDFB,SFE,RFIP,CPU,APS,ABPS,SUBARP,MISS_MAC
10230,0.2959854449169504,15.985042422650116,10232,0.00019550342130987292,95.2,0.0,1.0,0,0
